"companyId","companyName","legalName","domain","website","city","country","category","status","qualityScore","primaryPhone","allPhones","primaryEmail","allEmails","contactsCount","createdAt"
"b7788f61-a4d3-4065-ae36-dc2a5f65a2d7","Jürgen Ziesing GmbH","Jürgen Ziesing GmbH","elektro-ziesing.de","http://elektro-ziesing.de/","München","DE","Elektriker","ready","8","+49 89 1784646","+49 89 1784646 | +491754005991 | 01754005991 | 0891784646","info@elektro-ziesing.de","info@elektro-ziesing.de","5","2026-04-22T09:32:58.976192+00:00"
"73d6e5d7-8b0c-43ab-9939-252bd0cbb36b","Abold GmbH Elektroinstallation & Service","Abold GmbH Elektroinstallation & Service","abold-gmbh.de","https://www.abold-gmbh.de/","München","DE","Elektriker","ready","8","+49 89 5004979","+49 89 5004979 | 0895029658 | 0895004979","info@abold-gmbh.de","info@abold-gmbh.de","4","2026-04-22T09:32:56.812857+00:00"
"3b69aedc-6680-40a5-aeb1-e2e697069b9a","Elektro Rupprecht","Elektro Rupprecht","elektro-rupprecht.de","https://www.elektro-rupprecht.de/","München","DE","Elektriker","ready","8","+49 89 22841989","+49 89 22841989 | 081415337865 | 081415337863","info@elektro-rupprecht.de","info@elektro-rupprecht.de","4","2026-04-22T09:32:53.76685+00:00"
"b573c389-7f79-4756-b53d-d9fa9f0723ed","Gregori Serafim -Elektroanlagen","Gregori Serafim -Elektroanlagen","serafim.de","http://www.serafim.de/","München","DE","Elektriker","ready","8","+49 89 1493337","+49 89 1493337 | 01728903004 | 0891406282 | 0891493337","info@serafim.de","info@serafim.de","5","2026-04-22T09:32:51.217816+00:00"
"e74174e5-6aa9-4e71-8a05-bda995017d93","Tielmann + Meyer Elektroservice GmbH","Tielmann + Meyer Elektroservice GmbH","tm-elektro.de","http://www.tm-elektro.de/","München","DE","Elektriker","ready","8","+49 89 8977700","+49 89 8977700","info@tm-elektro.de","info@tm-elektro.de","2","2026-04-22T09:32:50.025969+00:00"
"7d089bd8-2a7c-4b62-a443-0bd23b7e29c9","Elektro-Stöckert-Fernmeldebau GmbH","Elektro-Stöckert-Fernmeldebau GmbH","esf-stoeckert.de","https://www.esf-stoeckert.de/","München","DE","Elektriker","ready","8","+49 89 144001","+49 89 144001 | 0891419495 | 089144001 | +49891419495","info@esf-stoeckert.de","info@esf-stoeckert.de | esf@esf-stoeckert.de","6","2026-04-22T09:32:46.685929+00:00"
"740f7a91-cecd-42fd-8400-dea849d0ad5b","Dugum Elektrotechnik GmbH","Dugum Elektrotechnik GmbH","dugum-elektro.de","http://www.dugum-elektro.de/","München","DE","Elektrotechniker","ready","8","+49 89 99944517","+49 89 99944517 | 062024062027 | 062021062024 | +4917682364762","info@dugum-elektro.de","info@dugum-elektro.de","5","2026-04-22T09:32:44.460428+00:00"
"3ce63494-bd4f-4e40-8ee9-611e0f72a8e9","Walter Ehmann Elektroanlagen GmbH","Walter Ehmann Elektroanlagen GmbH","elektro-ehmann.de","http://www.elektro-ehmann.de/","München","DE","Elektriker","ready","8","+49 89 7401300","+49 89 7401300 | 089740130 | 0897401300","info@elektro-ehmann.de","info@elektro-ehmann.de | 30-0info@elektro-ehmann.de","5","2026-04-22T09:32:43.333853+00:00"
"74e60bf6-0fcc-46b2-9611-aaf3ccb6e6e2","Elektro Wechselberger","Elektro Wechselberger","elektro-wechselberger.de","https://www.elektro-wechselberger.de/","München","DE","Elektriker","ready","8","+49 89 7147131","+49 89 7147131 | 0897147131","info@elektro-wechselberger.de","info@elektro-wechselberger.de","3","2026-04-22T09:32:42.205854+00:00"
"685ad7ad-cba0-4a37-88de-acaaea8a3f5d","Elektro Kraft GmbH","Elektro Kraft GmbH","elektro-kraft.com","http://www.elektro-kraft.com/","München","DE","Elektriker","ready","8","+49 89 89546017","+49 89 89546017 | +498989546018","info@elektro-kraft.com","info@elektro-kraft.com","3","2026-04-22T09:32:39.971151+00:00"
"34440ddb-e607-4a89-aa9e-c8e1297456d7","Elektroinstallationen klaus Wieland GmbH","Elektroinstallationen klaus Wieland GmbH","elektro-wieland.de","http://www.elektro-wieland.de/","München","DE","Elektriker","ready","8","+49 89 89220077","+49 89 89220077 | 08989220078 | 08989220077","info@elektro-wieland.de","info@elektro-wieland.de","4","2026-04-22T09:32:38.799561+00:00"
"61966488-7151-474b-9556-905cc157ce77","E.Wilhelm Elektroanlagen GmbH & Co.KG","E.Wilhelm Elektroanlagen GmbH & Co.KG","wilhelm-elektroanlagen.de","http://www.wilhelm-elektroanlagen.de/","München","DE","Elektriker","ready","8","+49 89 89223747","+49 89 89223747 | +4908989223748 | +4908989223747","info@wilhelm-elektroanlagen.de","info@wilhelm-elektroanlagen.de","4","2026-04-22T09:32:37.668764+00:00"
"b5bdfc17-f2d0-41ae-b5da-064c9ee6e940","Alexander Sicheneder Elektroanlagen","Alexander Sicheneder Elektroanlagen","sicheneder-elektro.de","http://www.sicheneder-elektro.de/","München","DE","Elektriker","ready","8","+49 89 8144112","+49 89 8144112 | 081615333190 | +490898145422 | +490898144112 | 0898144112","info@sicheneder-elektro.de","info@sicheneder-elektro.de","6","2026-04-22T09:32:35.422301+00:00"
"9417d7c6-f38d-4590-ac03-2d464c1ebb6f","S. Brand - Elektrotechnik - Elektriker München","S. Brand - Elektrotechnik - Elektriker München","sb-etech.de","https://www.sb-etech.de/","München","DE","Elektriker","ready","8","+49 176 44534850","+49 176 44534850 | 017657650382 | 017644534850","info@sb-etech.de","info@sb-etech.de | stefanbrand@sb-etech.de","5","2026-04-22T09:32:34.389359+00:00"
"3b579f80-d559-4f48-bc85-fbf173d871b8","Hallinger Elektrotechnik GmbH","Hallinger Elektrotechnik GmbH","hallingerelektrotechnik.de","http://www.hallingerelektrotechnik.de/","München","DE","Elektroinstallationsdienst","ready","8","+49 89 21539351","+49 89 21539351 | +4915170232227","info@hallingerelektrotechnik.de","info@hallingerelektrotechnik.de | 51info@hallingerelektrotechnik.de","4","2026-04-22T09:32:33.347712+00:00"
"d4cc6e66-78dd-4af7-a534-e4cccc236164","Markus Jarosch Elektrotechnik","Markus Jarosch Elektrotechnik","jarosch-elektro.de","http://www.jarosch-elektro.de/","München","DE","Elektriker","ready","8","+49 1514 4997273","+49 1514 4997273 | 015144997273 | +49015144997273","kontakt@jarosch-elektro.de","kontakt@jarosch-elektro.de","4","2026-04-22T09:32:32.315551+00:00"
"bb1d1b80-0b01-45cc-8d55-72bca589a901","Elektro Meisterbetrieb Dollinger","Elektro Meisterbetrieb Dollinger","dollinger-elektro.de","http://www.dollinger-elektro.de/","München","DE","Elektriker","ready","8","+49 89 58939350","+49 89 58939350 | 08958939350 | +4908958939350","hans@dollinger-elektro.de","hans@dollinger-elektro.de","4","2026-04-22T09:32:27.807469+00:00"
"f1f79a84-d3ac-4c7d-8959-0beac3d4bf9b","Elektro Antech","Elektro Antech","elektro-antech.de","https://www.elektro-antech.de/","München","DE","Elektrotechniker","ready","8","+49 176 61599705","+49 176 61599705","info@elektro-antech.de","info@elektro-antech.de","2","2026-04-22T09:32:25.569101+00:00"
"b81f5e56-912a-4137-b1a4-e16016e8484c","Elektrotechnik | Elektro Eder GmbH | München","Elektrotechnik | Elektro Eder GmbH | München","elektro-eder.de","https://www.elektro-eder.de/","München","DE","Elektriker","ready","8","+49 89 8121881","+49 89 8121881 | 08951190 | 0898121881","info@elektro-eder.de","info@elektro-eder.de","4","2026-04-22T09:32:24.494829+00:00"
"65334b56-fab1-4933-a20c-62593680d1b3","Papadopoulos & Winkler Elektrotechnik","Papadopoulos & Winkler Elektrotechnik","elektro-pw.de","http://www.elektro-pw.de/","München","DE","Elektriker","ready","8","+49 89 52036599","+49 89 52036599 | 08952036599","089-52036599info@elektro-pw.de","089-52036599info@elektro-pw.de | info@elektro-pw.de","4","2026-04-22T09:32:23.324933+00:00"
"ecfddee8-9968-4d81-a15f-e68f00418dc9","M Elektro GmbH","M Elektro GmbH","birke-gmbh.de","http://birke-gmbh.de/","München","DE","Elektriker","ready","8","+49 89 8974545310","+49 89 8974545310 | 094129869316 | 09412986930 | +49923291582550 | +4992329158250","info@birke-gmbh.de","info@birke-gmbh.de","6","2026-04-22T09:32:22.139269+00:00"
"b453b2c7-6122-481b-8f03-65d53526bed8","Elektrotechnik Zierer Gebäude und Systemtechnik München","Elektrotechnik Zierer Gebäude und Systemtechnik München","zierer.biz","https://zierer.biz/","München","DE","Elektriker","ready","8","+49 89 57949390","+49 89 57949390 | 08957949390","info@zierer.biz","info@zierer.biz","3","2026-04-22T09:32:21.018878+00:00"
"5ae244b5-6491-4500-af16-b820dbaa3cdc","Göpfert Elektrotechnik GmbH","Göpfert Elektrotechnik GmbH","elektro-goepfert.de","http://www.elektro-goepfert.de/","München","DE","Elektriker","ready","8","+49 89 89224936","+49 89 89224936 | 08989223688 | 08989224936","info@elektro-goepfert.de","info@elektro-goepfert.de","4","2026-04-22T09:32:18.920769+00:00"
"add13b53-02b8-4fb9-ae37-3ce4b15fdc15","AD Elektrotechnik","AD Elektrotechnik","elektro-ad.de","https://www.elektro-ad.de/","München","DE","Elektriker","ready","8","+49 176 61797014","+49 176 61797014 | 017661797014","info@elektro-ad.de","info@elektro-ad.de","3","2026-04-22T09:32:17.919798+00:00"
"586a4981-9e52-4d9c-8773-fccb20fa161e","Riepl-Elektrotechnik","Riepl-Elektrotechnik","riepl-elektrotechnik.de","http://www.riepl-elektrotechnik.de/","München","DE","Elektriker","ready","8","+49 89 3131381","+49 89 3131381 | 0893139978 | 0893131381","info@riepl-elektrotechnik.de","info@riepl-elektrotechnik.de","4","2026-04-22T09:32:15.774585+00:00"
"b497c033-b694-4997-91eb-7d421ad1e714","Nova Lux Elektro","Nova Lux Elektro","novalux-elektro.de","https://novalux-elektro.de/","München","DE","Elektrotechniker","ready","8","+49 1511 8495584","+49 1511 8495584 | +00000 | 015118495584","info@novalux-elektro.de","info@novalux-elektro.de","4","2026-04-22T09:32:13.596439+00:00"
"80280abe-e77e-42d5-8a2b-996b2cbbe40f","BoKaTa GmbH","BoKaTa GmbH","bokata.de","http://www.bokata.de/","München","DE","Elektroinstallationsdienst","ready","8","+49 89 212310930","+49 89 212310930","info@bokata.de","info@bokata.de","2","2026-04-22T09:32:12.383197+00:00"
"46675236-98b2-4c9d-b6aa-2f73484d6f65","Endlesssolar GmbH","Endlesssolar GmbH","endlesssolar.de","http://www.endlesssolar.de/","München","DE","Solartechnik-Anbieter","ready","8","+49 89 323916990","+49 89 323916990 | +4908932391690 | +4989323916690","info@endlesssolar.de","info@endlesssolar.de","4","2026-04-22T09:32:09.91269+00:00"
"2c6a0746-797e-4613-b48c-2601c4c74634","Elektro Spitzwieser - Ihr Elektriker in München","Elektro Spitzwieser - Ihr Elektriker in München","elektro-spitzwieser.de","http://www.elektro-spitzwieser.de/","München","DE","Elektriker","ready","8","+49 89 37156630","+49 89 37156630 | 01743777497 | +1555123456789","info@elektro-spitzwieser.de","info@elektro-spitzwieser.de","4","2026-04-22T09:32:08.823998+00:00"
"8a37d0e1-590d-4a60-9d2c-90697c5e158b","Kybalion Elektrotechnik","Kybalion Elektrotechnik","servicekybalion.de","https://www.servicekybalion.de/","München","DE","Elektroinstallationsdienst","ready","8","+49 176 70779997","+49 176 70779997 | 017670779997 | 08923249944","info@servicekybalion.de","info@servicekybalion.de","4","2026-04-22T09:32:07.791882+00:00"
"2792d8c4-a681-45bc-8c5f-335a70a93429","LUKMAR Elektrotechnik","LUKMAR Elektrotechnik","lukmar-elektro.de","https://lukmar-elektro.de/","München","DE","Elektrotechniker","ready","7","2001762064971504","2001762064971504 | 200172208212459","%20info@lukmar-elektro.de","%20info@lukmar-elektro.de | strecker@lukmar-elektro.de | info@lukmar-elektro.de | orlowski@lukmar-elektro.de | %20strecker@lukmar-elektro.de","7","2026-04-22T09:32:03.920889+00:00"
"94fe21b4-cc52-4032-9acf-c973ca2bf120","AEK - elektrotechnischer Service & Vertriebs GmbH | Ihr Elektriker in München","AEK - elektrotechnischer Service & Vertriebs GmbH | Ihr Elektriker in München","aek-gmbh.de","https://aek-gmbh.de/","München","DE","Elektriker","ready","8","+49 89 5442550","+49 89 5442550 | 0895442550","kontakt@aek-gmbh.de","kontakt@aek-gmbh.de","3","2026-04-22T09:32:02.94318+00:00"
"3fc7adda-79d9-484d-b608-1b2a981e8a0b","CorTech GmbH Elektro- und Beleuchtungstechnik","CorTech GmbH Elektro- und Beleuchtungstechnik","cortech.de","https://www.cortech.de/","München","DE","Elektroinstallationsdienst","ready","8","+49 89 3518650","+49 89 3518650 | +498935186","info@cortech.de","info@cortech.de | kaan.cekerek@cortech.de | david.correia@cortech.de | fabian.correia@cortech.de | vitor.correia@cortech.de","7","2026-04-22T09:32:01.803733+00:00"
"3afc9ac4-e11e-471d-9f75-f8d86eb5bab5","Rene Kothhuber","Rene Kothhuber","elektro-kothhuber.de","https://www.elektro-kothhuber.de/","München","DE","Elektroinstallationsdienst","ready","8","+49 89 12555784","+49 89 12555784","auftraege@elektro-kothhuber.de","auftraege@elektro-kothhuber.de","2","2026-04-22T09:32:00.628276+00:00"
"7b4eabba-9f23-42e1-828d-b87b41e311c9","GES - Gesellschaft für Elektro- und Sicherheitstechnik mbH & Co. KG","GES - Gesellschaft für Elektro- und Sicherheitstechnik mbH & Co. KG","ges-info.de","http://www.ges-info.de/","München","DE","Elektriker","ready","8","+49 89 20187190","+49 89 20187190 | +49089201871949 | 49089201871949 | 4908920187190 | +4908920187190","info@ges-info.de","info@ges-info.de","6","2026-04-22T09:31:59.48272+00:00"
"adec2085-8dee-436a-aab6-9ed1e3b40e0b","Volta Elektro","Volta Elektro","volta-elektro.de","https://volta-elektro.de/","München","DE","Elektriker","ready","8","+49 1521 1877553","+49 1521 1877553 | 016098457743","info@volta-elektro.de","info@volta-elektro.de","3","2026-04-22T09:31:56.419076+00:00"
"13f50957-3848-4556-998e-d4e824009333","SAL HAUSTECHNIK GmbH","SAL HAUSTECHNIK GmbH","sal-haustechnik.com","https://www.sal-haustechnik.com/","München","DE","Elektriker","ready","8","+49 89 653955","+49 89 653955","elektro@sal-haustechnik.com","elektro@sal-haustechnik.com | info@sal-haustechnik.com | hs@sal-haustechnik.com","4","2026-04-22T09:31:55.258518+00:00"
"c68fc331-a3d9-47dd-b67c-ae1ccb064ebd","Elfrema Elektroanlagen GmbH","Elfrema Elektroanlagen GmbH","elfrema.de","https://elfrema.de/","München","DE","Elektriker","ready","8","+49 89 3228757","+49 89 3228757","elfrema@elfrema.de","elfrema@elfrema.de","2","2026-04-22T09:31:54.232119+00:00"
"45791716-bc29-4a3d-affa-1884d213fed7","Elektro-Naumann","Elektro-Naumann","elektro-naumann-muenchen.de","http://www.elektro-naumann-muenchen.de/","München","DE","Elektriker","ready","8","+49 89 425757","+49 89 425757 | 080911884 | 089425757 | 080914982","info@elektro-naumann-muenchen.de","info@elektro-naumann-muenchen.de","5","2026-04-22T09:31:53.177725+00:00"
"9fbed7b2-6a5b-4fd4-9a7b-a4d6bf676faf","ZZ Elektrotechnik GmbH | Elektriker Beleuchtungselektronik | München","ZZ Elektrotechnik GmbH | Elektriker Beleuchtungselektronik | München","ags-gmbh.com","https://www.ags-gmbh.com/","München","DE","Elektriker","ready","8","+49 89 41901293","+49 89 41901293 | 08948903883 | 08948903880","webmaster@ags-gmbh.com","webmaster@ags-gmbh.com","4","2026-04-22T09:31:52.126289+00:00"
"b82d68a7-874a-4f0e-98b1-dce6815b2ad0","Elektro Kreutzpointner GmbH Niederlassung München","Elektro Kreutzpointner GmbH Niederlassung München","kreutzpointner.de","https://www.kreutzpointner.de/gesellschaften/elektro-kreutzpointner-gmbh-niederlassung-muenchen/","München","DE","Elektriker","ready","8","+49 89 9441760","+49 89 9441760 | +4987229675070 | +49373178790 | +49867787037300 | +49867787030","elektro@kreutzpointner.de","elektro@kreutzpointner.de | energy@kreutzpointner.de | aek@kreutzpointner.de","8","2026-04-22T09:31:51.061669+00:00"
"19f1103b-752f-411b-b7cc-39f41d736899","TPS Elektro-Schaltanlagen GmbH | Elektroniker | München","TPS Elektro-Schaltanlagen GmbH | Elektroniker | München","tps-muenchen.net","http://www.tps-muenchen.net/","München","DE","Elektriker","ready","8","+49 89 2283365","+49 89 2283365 | 0892283365","info@tps-muenchen.net","info@tps-muenchen.net","3","2026-04-22T09:31:49.938327+00:00"
"aba39141-271e-47ae-9653-9eda6a74ff7a","a Blitz Elektro GmbH","a Blitz Elektro GmbH","ablitz.de","http://www.ablitz.de/","München","DE","Elektriker","ready","8","+49 89 594700","+49 89 594700 | 089594700"," info@ablitz.de"," info@ablitz.de | info@ablitz.de","4","2026-04-22T09:31:44.306227+00:00"
"3f5e7e83-2518-4c54-947b-ebe6e8e4fd00","BAUER Elektroanlagen Süd GmbH & Co. KG","BAUER Elektroanlagen Süd GmbH & Co. KG","bauer-netz.de","https://www.bauer-netz.de/","München","DE","Elektriker","ready","8","+49 89 3180830","+49 89 3180830","bewerbung@bauer-netz.de","bewerbung@bauer-netz.de | info@bauer-netz.de","3","2026-04-22T09:31:43.22865+00:00"
"0ef61456-4a25-4206-929e-570fb87afa92","Thomas Dittmar Elektrotechnik","Thomas Dittmar Elektrotechnik","td-elektrotechnik.de","http://www.td-elektrotechnik.de/","München","DE","Elektriker","ready","8","+49 160 3635395","+49 160 3635395 | 01603635395","info@td-elektrotechnik.de","info@td-elektrotechnik.de | 5info@td-elektrotechnik.de","4","2026-04-22T09:31:42.0528+00:00"
"cbc2e404-3c4c-47a1-ba08-3ca6d1f579f8","Meklif Elektrotechnik","Meklif Elektrotechnik","meklif-elektrotechnik.de","http://www.meklif-elektrotechnik.de/","München","DE","Elektriker","ready","8","+49 89 24598869","+49 89 24598869 | 0895119295 | 08951190 | 08920001581 | 08924598869","info@meklif-elektrotechnik.de","info@meklif-elektrotechnik.de","6","2026-04-22T09:31:41.044265+00:00"
"b9bcca7a-f8a2-4f29-8f34-0e4a53f25ac5","Elektro Fiederer","Elektro Fiederer","elektro-fiederer.de","http://www.elektro-fiederer.de/","München","DE","Elektriker","ready","8","+49 89 32424180","+49 89 32424180 | 08932424180","info@elektro-fiederer.de","info@elektro-fiederer.de","3","2026-04-22T09:31:39.964925+00:00"
"6d51b110-89f3-4431-8f09-202dc6157a34","Stefan Dreißer","Stefan Dreißer","dreisser-elektro.de","https://www.dreisser-elektro.de/","München","DE","Elektriker","ready","8","+49 89 6920460","+49 89 6920460 | 01722965064 | +49896920473","s.dreisser@dreisser-elektro.de","s.dreisser@dreisser-elektro.de","4","2026-04-22T09:31:38.867351+00:00"
"bab89174-8e6b-4d93-a562-126724b38df4","tobler GmbH & Co. KG - tobler Sicherheitstechnik","tobler GmbH & Co. KG - tobler Sicherheitstechnik","tobler-online.de","http://www.tobler-online.de/","München","DE","Sicherheitstechnikfachgeschäft","ready","8","+49 89 4509943","+49 89 4509943 | +4908945099459 | +490894509943 | +4908904509943","info@tobler-online.de","info@tobler-online.de | schluessel@tobler-online.de","6","2026-04-22T09:31:37.769895+00:00"
"dc0eb1d5-f382-4e19-8111-8439fa05b6e4","Albert Saiger GmbH","Albert Saiger GmbH","saigergmbh.de","http://saigergmbh.de/","München","DE","Bauunternehmen","ready","8","+49 89 650037","+49 89 650037 | 089650037","info@saigergmbh.de","info@saigergmbh.de","3","2026-04-22T09:31:36.606428+00:00"
"23177c23-a4d6-4ed9-92dd-1443d66155e3","Paul Elektro GmbH","Paul Elektro GmbH","paulelektro.de","https://www.paulelektro.de/","München","DE","Elektriker","ready","8","+49 89 94381889","+49 89 94381889 | 08994381893 | 01792430687 | 08994381889 | 089202094203820182089","info@paulelektro.de","info@paulelektro.de","6","2026-04-22T09:31:35.487558+00:00"
"f032f411-de05-47cb-b876-898645207365","D. Sumic Elektrotechnik GmbH","D. Sumic Elektrotechnik GmbH","elektro-sumic.de","http://elektro-sumic.de/","München","DE","Elektriker","ready","8","+49 89 43519699","+49 89 43519699 | 08945419286 | 08943519699 | 02122028","info@elektro-sumic.de","info@elektro-sumic.de","5","2026-04-22T09:31:34.277391+00:00"
"9b713758-55e1-4dbc-b3e2-1c40d49cc6a3","Innung für Elektro- und Informationstechnik München","Innung für Elektro- und Informationstechnik München","elektroinnung-muenchen.de","http://www.elektroinnung-muenchen.de/","München","DE","Ausbildungszentrum","ready","8","+49 89 5518090","+49 89 5518090 | 089551809170 | 0895518090","info@elektroinnung-muenchen.de","info@elektroinnung-muenchen.de","4","2026-04-22T09:31:33.126289+00:00"
"8b0eddb2-f902-44d1-b8f6-74fbb7b26dab","electronicus engineering GmbH","electronicus engineering GmbH","electronicus.de","http://www.electronicus.de/","München","DE","Elektriker","ready","8","+49 1515 3724680","+49 1515 3724680","warteliste@electronicus.de","warteliste@electronicus.de | info@electronicus.de","3","2026-04-22T09:31:29.264259+00:00"
"e0f47fdf-9e8b-4217-b8b4-3f04821d01d1","Ulrich Hadasch","Ulrich Hadasch","hadasch-elektro.de","http://www.hadasch-elektro.de/","München","DE","Elektriker","ready","8","+49 89 45600705","+49 89 45600705","wb@hadasch-elektro.de","wb@hadasch-elektro.de","2","2026-04-22T09:31:28.187807+00:00"
"74867f61-44bd-417a-9c0f-f3bb9448ce39","EZM – Das Bildungszentrum der Innung für Elektro- und Informationstechnik München","EZM – Das Bildungszentrum der Innung für Elektro- und Informationstechnik München","ezm-bildung.de","https://www.ezm-bildung.de/","München","DE","Bildungszentrum","ready","8","+49 89 551809148","+49 89 551809148 | 089551809170 | 0895518090 | 089551809151 | 089551809148","u.schaefer@ezm-bildung.de","u.schaefer@ezm-bildung.de | v.schwab@ezm-bildung.de","7","2026-04-22T09:31:26.229605+00:00"
"172d34af-6afe-4721-8100-01122ca9ef9c","Elektro Haneder & Schraufstetter GmbH","Elektro Haneder & Schraufstetter GmbH","elektro-hs.de","http://www.elektro-hs.de/","München","DE","Elektriker","ready","8","+49 89 66062397","+49 89 66062397 | 0222023 | +49089","info@elektro-hs.de","info@elektro-hs.de | 66062397info@elektro-hs.de","5","2026-04-22T09:31:22.695368+00:00"
"62ae0a6c-e222-4715-9b34-484762bbeef4","Halbritter & Meir Elektroanlagen GmbH","Halbritter & Meir Elektroanlagen GmbH","halbritter-meir-elektroanlagen.de","http://www.halbritter-meir-elektroanlagen.de/","München","DE","Elektriker","ready","8","+49 89 268203","+49 89 268203 | 089268670 | 089268203","elektro@halbritter-meir-elektroanlagen.de","elektro@halbritter-meir-elektroanlagen.de","4","2026-04-22T09:31:21.665035+00:00"
"9ec7214e-d29f-4990-8039-ab2311c0695a","Schuller-Elektro - Elektriker, Smart Home, Photovoltaik - München","Schuller-Elektro - Elektriker, Smart Home, Photovoltaik - München","schuller-elektro.com","https://www.schuller-elektro.com/","München","DE","Elektriker","ready","8","+49 175 5237306","+49 175 5237306 | 01755237306","info@schuller-elektro.com","info@schuller-elektro.com","3","2026-04-22T09:31:18.446573+00:00"
"5647f973-7864-48c3-8905-53c635d493b3","Elektro Fischer","Elektro Fischer","elektro-fischer.de","https://elektro-fischer.de/","München","DE","Elektriker","ready","8","+49 89 304693","+49 89 304693 | 0893082510 | 089304693","info@elektro-fischer.de","info@elektro-fischer.de","4","2026-04-22T09:31:16.193401+00:00"
"635ec3ae-9bf5-48c8-bfdb-80b4d4faacb2","Fritz Hochschwendner","Fritz Hochschwendner","hochschwendner.de","https://www.hochschwendner.de/","München","DE","Elektriker","ready","8","+49 89 2713366","+49 89 2713366 | 0892713366","prym@hochschwendner.de","prym@hochschwendner.de","3","2026-04-22T09:31:15.015626+00:00"
"c03d4ddc-4e51-4625-8472-de572d2b833e","Elektro Herzog","Elektro Herzog","elektroherzog.de","http://www.elektroherzog.de/","München","DE","Elektriker","ready","8","+49 171 7264023","+49 171 7264023","info@elektroherzog.de","info@elektroherzog.de | e-mail-adresseinfo@elektroherzog.de","3","2026-04-22T09:31:12.797147+00:00"
"f3a89ed4-0206-4526-a639-d66bd7209aa2","Bleumortier Elektro GmbH München","Bleumortier Elektro GmbH München","elektro-bleumortier.de","https://www.elektro-bleumortier.de/","München","DE","Elektriker","ready","8","+49 89 223111","+49 89 223111 | 0100600 | 089223111","info@elektro-bleumortier.de","info@elektro-bleumortier.de","4","2026-04-22T09:31:10.548754+00:00"
"191af381-36b9-4215-a75b-916d2f7165a0","Timo Daunderer Elektrotechnik","Timo Daunderer Elektrotechnik","daunderer-elektro.de","http://daunderer-elektro.de/","Haar","DE","Elektriker","ready","8","+49 89 46096890","+49 89 46096890 | 08946096890","info@daunderer-elektro.de","info@daunderer-elektro.de","3","2026-04-22T09:31:08.148729+00:00"
"d8578623-8ade-4fc4-9936-a497f277152a","Ampere Electric Meisterbetrieb","Ampere Electric Meisterbetrieb","ampere-electric.de","https://ampere-electric.de/index.php","München","DE","Elektriker","ready","8","+49 1520 2030917","+49 1520 2030917","info@ampere-electric.de","info@ampere-electric.de","2","2026-04-22T09:31:07.124567+00:00"
"e02eed26-1796-4606-b9c3-54ec16382a44","Elektriker Blaumann","Elektriker Blaumann","elektriker-blaumann.de","https://elektriker-blaumann.de/","München","DE","Elektriker","ready","8","+49 1579 2321727","+49 1579 2321727","info@elektriker-blaumann.de","info@elektriker-blaumann.de","2","2026-04-22T09:31:06.105175+00:00"
"2920de77-bd7e-415f-a789-e89a2be64747","Elektro Schulz München","Elektro Schulz München","elektro-schulz-online.de","http://www.elektro-schulz-online.de/","München","DE","Elektriker","ready","8","+49 89 6801514","+49 89 6801514 | 01772434163 | 0896801514","info@elektro-schulz-online.de","info@elektro-schulz-online.de","4","2026-04-22T09:31:01.69171+00:00"
"5673c562-4127-4a49-b5e2-e80446df6c5c","EKA-Technik","EKA-Technik","eka-technik.com","http://www.eka-technik.com/","München","DE","Elektriker","ready","8","+49 89 22530884","+49 89 22530884 | +498922530548 | 017623462531 | 08922530548 | 08922530884","mauerer@eka-technik.com","mauerer@eka-technik.com","6","2026-04-22T09:30:58.397172+00:00"
"25bec26e-51f3-4d6a-bfb3-ee658fc69f7d","Elektriker | Werner Binder Elektroanlagen | München","Elektriker | Werner Binder Elektroanlagen | München","elektro-binder.com","https://www.elektro-binder.com/","München","DE","Elektriker","ready","8","+49 89 9576464","+49 89 9576464 | 0899576465 | 01728902835 | 0899576464","info@elektro-binder.com","info@elektro-binder.com","5","2026-04-22T09:30:57.141149+00:00"
"35d3732b-a011-42f1-8fa0-71371b6aafc0","Elektrotechnik Thomas Schwiebert","Elektrotechnik Thomas Schwiebert","elektro-schwiebert.de","http://www.elektro-schwiebert.de/","München","DE","Elektriker","ready","8","+49 178 5826339","+49 178 5826339 | 08946146748","info@elektro-schwiebert.de","info@elektro-schwiebert.de","3","2026-04-22T09:30:54.634008+00:00"
"ef1ac286-a145-4dcc-b2b6-30cdd6b05cb4","Rucker Elektro GmbH","Rucker Elektro GmbH","rucker-elektro.de","http://www.rucker-elektro.de/","München","DE","Elektriker","ready","8","+49 15565 130971","+49 15565 130971 | 4915565130971","info@rucker-elektro.de","info@rucker-elektro.de","3","2026-04-22T09:30:53.508449+00:00"
"2fc9c108-d779-48f5-b908-f3b20f4a468b","Krüger Elektrotechnik Meisterbetrieb","Krüger Elektrotechnik Meisterbetrieb","krueger-elektrotechnik.com","http://www.krueger-elektrotechnik.com/","München","DE","Elektriker","ready","8","+49 176 62619537","+49 176 62619537 | 017662619537","m.krueger@krueger-elektrotechnik.com","m.krueger@krueger-elektrotechnik.com","3","2026-04-22T09:30:52.378152+00:00"
"4e13491d-28ff-4a8f-bee0-5b29cd819ff2","Elektro Miller GmbH","Elektro Miller GmbH","elektriker.de","https://www.elektriker.de/","München","DE","Elektriker","ready","8","+49 89 6908055","+49 89 6908055 | +498969340192","info@elektriker.de","info@elektriker.de","3","2026-04-22T09:30:51.18907+00:00"
"3d6e7867-8125-4ddd-b049-fe4b903642e2","Elektro Sohr GmbH","Elektro Sohr GmbH","elektrosohr.de","http://elektrosohr.de/","München","DE","Elektriker","ready","8","+49 89 4308074","+49 89 4308074 | +491772340863","info@elektrosohr.de","info@elektrosohr.de","3","2026-04-22T09:30:48.8977+00:00"
"3f221fc0-805e-459c-9b9d-831ba250e728","Elektromeisterbetrieb Frederik Basedow","Elektromeisterbetrieb Frederik Basedow","elektro-mfb.de","http://www.elektro-mfb.de/","München","DE","Elektriker","ready","8","+49 89 90142822","+49 89 90142822 | +491621981804","info@elektro-mfb.de","info@elektro-mfb.de","3","2026-04-22T09:30:47.848229+00:00"
"fa841b07-401a-409c-a386-83f2f3fa76a2","Elektro Gjini","Elektro Gjini","elektro-gjini.de","http://www.elektro-gjini.de/","München","DE","Elektrotechniker","ready","8","+49 176 63857433","+49 176 63857433 | +49017663857433","info@elektro-gjini.de","info@elektro-gjini.de","3","2026-04-22T09:30:44.854398+00:00"
"0252a7af-a32c-4515-8ad9-ed62abce8c40","Elektromeisterbetrieb Neo Elektro und Bau Elektriker Solar","Elektromeisterbetrieb Neo Elektro und Bau Elektriker Solar","neoelektroundbau.com","http://www.neoelektroundbau.com/","München","DE","Elektriker","ready","8","+49 176 20216676","+49 176 20216676","info@neoelektroundbau.com","info@neoelektroundbau.com","2","2026-04-22T09:30:42.395519+00:00"
"abf9b058-2a7b-4c8e-945d-dc9fe79f4927","Elektro Köberle GmbH","Elektro Köberle GmbH","elektro-koeberle.de","http://www.elektro-koeberle.de/","München","DE","Elektriker","ready","8","+49 89 62489848","+49 89 62489848 | +498962489847","info@elektro-koeberle.de","info@elektro-koeberle.de","3","2026-04-22T09:30:39.996088+00:00"
"328c9d54-bbe7-4884-8edf-86984178b5c7","bELEKTRO Meisterbetrieb GmbH","bELEKTRO Meisterbetrieb GmbH","belektro-meisterbetrieb.de","http://belektro-meisterbetrieb.de/","München","DE","Elektriker","ready","8","+49 89 24231183","+49 89 24231183 | +00000","info@belektro-meisterbetrieb.de","info@belektro-meisterbetrieb.de","3","2026-04-22T09:30:38.913545+00:00"
"6395c2b9-7f56-476b-81d4-2c3dbbc3a3b6","Elektro-DYTec GmbH","Elektro-DYTec GmbH","elektro-dytec.com","http://www.elektro-dytec.com/","München","DE","Elektriker","ready","8","+49 89 89084716","+49 89 89084716 | +498989084715","e-mail: info@elektro-dytec.com","e-mail: info@elektro-dytec.com | info@elektro-dytec.com","4","2026-04-22T09:30:36.630437+00:00"
"deb97a7d-7712-4bf6-affb-0d4697a80de2","Hauner Elektrotechnik GmbH","Hauner Elektrotechnik GmbH","hauner-elektrotechnik.de","https://hauner-elektrotechnik.de/","München","DE","Elektriker","ready","8","+49 176 70644254","+49 176 70644254 | 017670644254 | 20+4917670644254","info@hauner-elektrotechnik.de","info@hauner-elektrotechnik.de | %20%20info@hauner-elektrotechnik.de","5","2026-04-22T09:30:35.331141+00:00"
"19f78aa5-9dfe-4de8-82ef-e4b93622c540","E M Z - Elektroanlagen Moris Zarkovic","E M Z - Elektroanlagen Moris Zarkovic","elektro-mz.de","http://www.elektro-mz.de/","München","DE","Elektriker","ready","8","+49 1523 3900782","+49 1523 3900782","info@elektro-mz.de","info@elektro-mz.de","2","2026-04-22T09:30:34.206755+00:00"
"039c4677-993f-4661-ac4e-588b451dae1f","MSB eBau GmbH","MSB eBau GmbH","msb-ebau.de","http://www.msb-ebau.de/","München","DE","Energieausrüstung und -lösungen","ready","8","+49 89 215277253","+49 89 215277253 | +498920939103","info@msb-ebau.de","info@msb-ebau.de","3","2026-04-22T09:30:30.630667+00:00"
"c3d11bb3-e624-40f7-bb86-b9cedb685fac","Näder e. K. Elektro- und Datentechnik","Näder e. K. Elektro- und Datentechnik","naeder.de","http://www.naeder.de/","München","DE","Elektriker","ready","8","+49 89 21909780","+49 89 21909780 | 08921909780 | 200892021909780 | 2008921909780","%20info@naeder.de","%20info@naeder.de | info@naeder.de","6","2026-04-22T09:30:28.676709+00:00"
"4947666c-62d0-4a7d-8222-1737fb54d3fd","Elektro-Management-Facility GmbH","Elektro-Management-Facility GmbH","elektro-facility.de","https://elektro-facility.de/","München","DE","Elektrotechniker","ready","8","+49 89 69349994","+49 89 69349994 | +498969349999 | 08969349999 | 08969349994","info@elektro-facility.de","info@elektro-facility.de","5","2026-04-22T09:30:24.12457+00:00"
"95b15470-a45d-4178-990b-cb343ed3556d","Dech Elektrotechnik GmbH","Dech Elektrotechnik GmbH","dech-elektrotechnik.de","http://www.dech-elektrotechnik.de/","München","DE","Elektriker","ready","8","+49 89 6926488","+49 89 6926488 | 49896926488","info@dech-elektrotechnik.de","info@dech-elektrotechnik.de","3","2026-04-22T09:30:22.887227+00:00"
"ea823886-4fd7-4c9a-97ce-7462f915105e","Elektro Kurz GmbH","Elektro Kurz GmbH","kurzelektro.com","https://kurzelektro.com/","München","DE","Elektriker","ready","8","+49 89 45351861","+49 89 45351861","info@kurzelektro.com","info@kurzelektro.com","2","2026-04-22T09:30:20.729388+00:00"
"6451f764-bb8c-469b-9911-ba801c8ec56f","Elektro Rehrl GmbH","Elektro Rehrl GmbH","elektro-rehrl.de","http://www.elektro-rehrl.de/","München","DE","Elektriker","ready","8","+49 89 7001040","+49 89 7001040 | 0897409872 | 0897001040","info@elektro-rehrl.de","info@elektro-rehrl.de","4","2026-04-22T09:30:17.513345+00:00"
"54b2ab1a-6e8a-4d55-9822-87ec7b027aae","Schüddekopf Elektroanlagen GmbH","Schüddekopf Elektroanlagen GmbH","schueddekopf-elektroanlagen.de","http://www.schueddekopf-elektroanlagen.de/","München","DE","Elektriker","ready","8","+49 89 7235658","+49 89 7235658","info@schueddekopf-elektroanlagen.de","info@schueddekopf-elektroanlagen.de | datenschutz@schueddekopf-elektroanlagen.de","3","2026-04-22T09:30:16.398858+00:00"
"d76600cd-e1e2-4ff4-847a-714ab8871f76","Hains Elektro GmbH","Hains Elektro GmbH","hains-elektro.de","https://hains-elektro.de/","München","DE","Elektriker","ready","8","+49 89 25557468","+49 89 25557468 | +4909419458210 | +499419458210","info@hains-elektro.de","info@hains-elektro.de","4","2026-04-22T09:30:15.345747+00:00"
"637cd03d-7b03-4e8e-bb1b-919f853ad56e","Josef Pielmeier GmbH","Josef Pielmeier GmbH","elektro-pielmeier.de","http://elektro-pielmeier.de/","München","DE","Elektriker","ready","8","+49 89 93932329","+49 89 93932329","info@elektro-pielmeier.de","info@elektro-pielmeier.de","2","2026-04-22T09:30:14.269691+00:00"
"7a811efb-a8ef-4119-9d11-8e5f3e0d1344","Elektro-Technik Grga Dulabic GmbH","Elektro-Technik Grga Dulabic GmbH","elektrotechnik-in-muenchen.de","https://www.elektrotechnik-in-muenchen.de/","München","DE","Elektriker","ready","8","+49 89 45081468","+49 89 45081468 | 01723743782 | 08945081469 | 08945081468","info@elektrotechnik-in-muenchen.de","info@elektrotechnik-in-muenchen.de","5","2026-04-22T09:30:13.286599+00:00"
"6553c595-5c01-43ff-b904-fbab9f42dae0","EDO Elektrotechnik","EDO Elektrotechnik","edo-elektrotechnik.de","https://edo-elektrotechnik.de/","München","DE","Elektriker","ready","8","+49 179 2071833","+49 179 2071833","info@edo-elektrotechnik.de","info@edo-elektrotechnik.de","2","2026-04-22T09:30:12.226233+00:00"
"029cd4a6-c44c-418f-861b-1f379d6c45fd","Elektro Lahner","Elektro Lahner","elektro-lahner.de","http://elektro-lahner.de/","München","DE","Elektriker","ready","8","+49 162 5831179","+49 162 5831179 | 01625831179 | 0894185742708941857427 | 08941857427","info@elektro-lahner.de","info@elektro-lahner.de","5","2026-04-22T09:30:11.106929+00:00"
"d401573b-bdb8-48dd-a65b-f79b5ccc42a9","J. Baumgartner GmbH Baustromanlagen","J. Baumgartner GmbH Baustromanlagen","baumgartner-baustrom.de","http://www.baumgartner-baustrom.de/","München","DE","Elektriker","ready","8","+49 89 121400310","+49 89 121400310 | +49017682424571 | +49089121400310 | 08974879710","info@baumgartner-baustrom.de","info@baumgartner-baustrom.de","5","2026-04-22T09:30:10.139113+00:00"
"d37358f1-58ba-43df-8e73-9c75fa28d95c","Kuhn Elektro-Technik GmbH","Kuhn Elektro-Technik GmbH","kuhn-elektro.de","http://kuhn-elektro.de/","München","DE","Elektriker","ready","8","+49 89 2737180","+49 89 2737180 | 089273718","info@kuhn-elektro.de","info@kuhn-elektro.de | 10info@kuhn-elektro.de","4","2026-04-22T09:30:09.124203+00:00"
"21c16ed3-0c0c-4c09-af80-f6d6d28da52f","SK Elektrotechnik","SK Elektrotechnik","sk-etechnik.de","https://www.sk-etechnik.de/","München","DE","Elektriker","ready","8","+49 89 75984666","+49 89 75984666 | 08975984666","info@sk-etechnik.de","info@sk-etechnik.de","3","2026-04-22T09:30:08.111796+00:00"
"6f4196e5-b047-4bec-97e7-03d5b23b1aae","Elektro Brummer GmbH & Co Fernmeldebau KG","Elektro Brummer GmbH & Co Fernmeldebau KG","elektro-brummer.de","http://www.elektro-brummer.de/","München","DE","Elektriker","ready","8","+49 89 402029","+49 89 402029 | +49089406675 | +49089402029","mail:  info@elektro-brummer.de","mail:  info@elektro-brummer.de | info@elektro-brummer.de","5","2026-04-22T09:30:07.122673+00:00"
"87b601b8-eb95-4de7-9328-ddc4fed81ec3","IG Elektrik","IG Elektrik","ig-elektrik.de","https://www.ig-elektrik.de/","München","DE","Elektriker","ready","8","+49 179 1195087","+49 179 1195087 | 01791195087 | +4901791195087","info@ig-elektrik.de","info@ig-elektrik.de","4","2026-04-22T09:30:05.007292+00:00"
"2ac06b77-57fa-473c-9d34-c4d96029447e","AM Elektroservice GmbH","AM Elektroservice GmbH","am-elektroservice.de","https://am-elektroservice.de/","München","DE","Elektriker","ready","8","+49 172 9841217","+49 172 9841217 | +4908920034525 | +4901729841217 | +00000","info@am-elektroservice.de","info@am-elektroservice.de","5","2026-04-22T09:30:03.808623+00:00"
"9abbcce9-6512-4cad-a97d-a84a6c7e9574","Elektrotechnik Jafari","Elektrotechnik Jafari","elektro-jafari.de","https://elektro-jafari.de/","München","DE","Elektriker","ready","8","+49 176 40555669","+49 176 40555669 | 017640555669","info@elektro-jafari.de","info@elektro-jafari.de","3","2026-04-22T09:30:02.750679+00:00"
"fc110a7c-c71e-4fe8-b98b-84f1385604b6","Elektriker | Elektrotechnik Wiendl | München","Elektriker | Elektrotechnik Wiendl | München","elektrowiendl.de","https://www.elektrowiendl.de/","München","DE","Elektriker","ready","8","+49 89 789128","+49 89 789128","office@elektrowiendl.de","office@elektrowiendl.de","2","2026-04-22T09:30:01.730978+00:00"
"b836199f-b36f-474d-b657-e94a90b4a242","Elektrotechnik Hodzic","Elektrotechnik Hodzic","elektrotechnik-hodzic.de","https://www.elektrotechnik-hodzic.de/","München","DE","Elektrotechniker","ready","8","+49 89 97880033","+49 89 97880033 | +4908997880033","info@elektrotechnik-hodzic.de","info@elektrotechnik-hodzic.de","3","2026-04-22T09:30:00.730044+00:00"
"947011bb-9636-4e36-8eb0-1bcefedd0e18","Elektriker Meister Maximilian Stelzl Elektrotechniknotdienst","Elektriker Meister Maximilian Stelzl Elektrotechniknotdienst","max-stelzl.de","http://www.max-stelzl.de/","München","DE","Elektriker","ready","8","+49 89 66665503","+49 89 66665503 | 01713850334 | 08968099988 | 08966665503 | 08966665504","anfrage@max-stelzl.de","anfrage@max-stelzl.de","6","2026-04-22T09:29:59.683211+00:00"
"3fcc558d-2694-45f2-9e63-2fb5a4f0cf92","KG-Elektrotechnik GmbH","KG-Elektrotechnik GmbH","kg-elektrotechnik.de","http://www.kg-elektrotechnik.de/","München","DE","Elektriker","ready","8","+49 163 3091550","+49 163 3091550 | 091550 | 069186 | +498962069186","info@kg-elektrotechnik.de","info@kg-elektrotechnik.de | info@kg-elektrotechnik.dewww.kg-elektrotechnik.de | 0info@kg-elektrotechnik.de","7","2026-04-22T09:29:58.598488+00:00"
"0a45fe0a-7594-4f84-af2e-5785cc981f7f","Electa GmbH","Electa GmbH","electa-gmbh.de","https://electa-gmbh.de/","München","DE","Elektriker","ready","8","+49 89 32757990","+49 89 32757990","info@electa-gmbh.de","info@electa-gmbh.de","2","2026-04-22T09:29:57.484056+00:00"
"e745811e-ba92-4bd0-a70e-8be23b5500ba","Jürgen Ludwig Licht & Technik GmbH","Jürgen Ludwig Licht & Technik GmbH","licht-technik.biz","http://www.licht-technik.biz/","München","DE","Elektriker","ready","8","+49 89 54403097","+49 89 54403097","info@licht-technik.biz","info@licht-technik.biz","2","2026-04-22T09:29:56.372506+00:00"
"5de21d73-dbfe-4004-bb73-dcc5273fc85d","Elektro Wutz GmbH","Elektro Wutz GmbH","elektro-wutz.de","http://www.elektro-wutz.de/","München","DE","Elektroinstallationsdienst","ready","8","+49 89 767761970","+49 89 767761970 | +49897677619788 | 089767761970","info@elektro-wutz.de","info@elektro-wutz.de","4","2026-04-22T09:29:54.962978+00:00"
"9ba016d6-2740-422c-ac54-83ecaaa4d986","Elektrodienst Iland GmbH","Elektrodienst Iland GmbH","elektrodienst-iland.de","http://www.elektrodienst-iland.de/","Berlin","DE","Elektriker","ready","8","+49 30 36284220","+49 30 36284220","info@elektrodienst-iland.de","info@elektrodienst-iland.de","2","2026-04-19T12:40:47.567082+00:00"
"13456b2c-8fd8-43c5-9e7c-c149d947bb09","Elektrotechnik und Elektronik Oltmann GmbH","Elektrotechnik und Elektronik Oltmann GmbH","eeo-gmbh.de","https://eeo-gmbh.de/","Berlin","DE","Hersteller elektronischer Geräte","ready","8","+49 30 6521280","+49 30 6521280 | +49030652128299 | +490306521280 | +49020251986045 | +49020251986044 | +49030652128","info@eeo-gmbh.de","info@eeo-gmbh.de | a.schie@eeo-gmbh.de","8","2026-04-19T12:40:46.552979+00:00"
"c32ed2f6-0a13-466a-9026-afb92c51d2a7","Elektro Schäffler","Elektro Schäffler","onkeltomsladenstrasse.de","https://onkeltomsladenstrasse.de/elektro-schaeffler/","Berlin","DE","Elektrofachgeschäft","ready","8","+49 30 8132165","+49 30 8132165","kunst@onkeltomsladenstrasse.de","kunst@onkeltomsladenstrasse.de","2","2026-04-19T12:40:45.482778+00:00"
"a86d6f37-c80a-4419-a3c3-a765e82f00d1","Elektro Okuma - Meisterbetrieb","Elektro Okuma - Meisterbetrieb","elektro-okuma.de","http://www.elektro-okuma.de/","Berlin","DE","Elektriker","ready","8","+49 1525 6478253","+49 1525 6478253 | 03045962561 | 015256478253","info@elektro-okuma.de","info@elektro-okuma.de","4","2026-04-19T12:40:44.386723+00:00"
"ff141c74-c385-46f6-8d12-ba84c601c58b","ENT Elektro NetzTec GmbH","ENT Elektro NetzTec GmbH","ent-gmbh.com","https://ent-gmbh.com/","Berlin","DE","Elektriker","ready","8","+49 160 90555006","+49 160 90555006 | 016090555006","mail@ent-gmbh.com","mail@ent-gmbh.com","3","2026-04-19T12:40:43.357476+00:00"
"56eb5b48-bd91-48e8-aa19-5aef5a28bef1","Trade Solar GmbH","Trade Solar GmbH","trade-solar.de","https://trade-solar.de/","Berlin","DE","Solartechnik-Anbieter","ready","8","+49 30 315181840","+49 30 315181840 | +49030315181800 | +49030315181810 | +49030315181840","info@trade-solar.de","info@trade-solar.de | 30-315181810info@trade-solar.de","6","2026-04-19T12:40:42.346512+00:00"
"d7c1e3fc-0c23-4b14-a88c-9342bfb3c542","Elektro-Paul GmbH","Elektro-Paul GmbH","elektropaul-berlin.de","http://elektropaul-berlin.de/","Berlin","DE","Elektriker","ready","8","+49 30 35104059","+49 30 35104059 | 03035104059","info@elektropaul-berlin.de","info@elektropaul-berlin.de","3","2026-04-19T12:40:41.364251+00:00"
"5818e17e-8450-4d74-af18-d9bd45b85a18","Elektrotechnik Elaro GmbH","Elektrotechnik Elaro GmbH","elaro-service.de","http://www.elaro-service.de/","Berlin","DE","Versorgungsbetrieb-Auftragnehmer","ready","8","+49 30 38302660","+49 30 38302660","info@elaro-service.de","info@elaro-service.de","2","2026-04-19T12:40:40.351325+00:00"
"d83d0c49-c81a-4322-b7c5-fb0f3dfed05b","S&G Elektrotechnik GmbH","S&G Elektrotechnik GmbH","elektrotechnik-sg.com","https://elektrotechnik-sg.com/","Berlin","DE","Elektrotechniker","ready","8","+49 1525 4241676","+49 1525 4241676 | 015254241676","projekt@elektrotechnik-sg.com","projekt@elektrotechnik-sg.com | mail@elektrotechnik-sg.com","4","2026-04-19T12:40:38.387801+00:00"
"01a7193c-51bc-4c10-9603-c8e659d9ff82","Blachnierz & Söhne Elektroinstallationsges. GmbH","Blachnierz & Söhne Elektroinstallationsges. GmbH","elektro-bs.de","http://www.elektro-bs.de/","Berlin","DE","Elektriker","ready","8","+49 30 7215020","+49 30 7215020","info@elektro-bs.de","info@elektro-bs.de","2","2026-04-19T12:40:36.435598+00:00"
"3fa90e9b-9a0c-4657-814e-8ae1d3b0d6a4","Elektro TechVolt / Elektriker in Berlin / Elektriker Notdienst","Elektro TechVolt / Elektriker in Berlin / Elektriker Notdienst","elektrotechvolt.de","https://elektrotechvolt.de/","Berlin","DE","Elektriker","ready","8","+49 30 34769244","+49 30 34769244 | 03034769242","info@elektrotechvolt.de","info@elektrotechvolt.de","3","2026-04-19T12:40:35.427001+00:00"
"2772b3f0-748a-4cff-8008-4b530414be27","Ideelectric","Ideelectric","ideelectric.de","https://www.ideelectric.de/","Berlin","DE","Elektriker","ready","8","+49 179 3971884","+49 179 3971884 | 089837","info@ideelectric.de","info@ideelectric.de","3","2026-04-19T12:40:32.419493+00:00"
"fdd60fc9-1d8a-4cc1-9de2-e0a2425b4bad","Herzog Elektro-Anlagen GmbH","Herzog Elektro-Anlagen GmbH","herzog-elektro.de","https://www.herzog-elektro.de/","Berlin","DE","Elektriker","ready","8","+49 30 7659290","+49 30 7659290 | 03076592999 | 0307659290 | +493076592963","info@herzog-elektro.de","info@herzog-elektro.de","5","2026-04-19T12:40:29.208322+00:00"
"485c9fac-3355-4922-bd39-74fd081148b9","Elektroinstallation Uwe Schmidt","Elektroinstallation Uwe Schmidt","elektroschmidtberlin.de","https://elektroschmidtberlin.de/","Berlin","DE","Elektriker","ready","8","+49 30 6252475","+49 30 6252475 | 03062804314 | 01723926917 | 0306252475","info@elektroschmidtberlin.de","info@elektroschmidtberlin.de | n.kleimann@elektroschmidtberlin.de | m.pomerenke@elektroschmidtberlin.de","7","2026-04-19T12:40:27.426874+00:00"
"484e8a65-f36e-4234-89ed-055696a4bdf2","Ostermann Elektroanlagen GmbH","Ostermann Elektroanlagen GmbH","elektroanlagen.com","http://www.elektroanlagen.com/","Berlin","DE","Elektriker","ready","8","+49 30 7448316","+49 30 7448316 | 0307440107 | 0307448316","mail@elektroanlagen.com","mail@elektroanlagen.com | www.elektroanlagen.commail@elektroanlagen.com","5","2026-04-19T12:40:23.621592+00:00"
"11b69dee-a505-4ea7-a505-8912b7ae18a0","Elektro Bergemann GmbH","Elektro Bergemann GmbH","elektro-bergemann.de","https://www.elektro-bergemann.de/","Berlin","DE","Elektriker","ready","8","+49 30 4360200","+49 30 4360200","info@elektro-bergemann.de","info@elektro-bergemann.de","2","2026-04-19T12:40:22.080561+00:00"
"59984c88-7939-4722-97d4-6ffafadb5886","ISAT Elektrotechnik GmbH","ISAT Elektrotechnik GmbH","isat-elektro.de","http://isat-elektro.de/","Berlin","DE","Elektrotechniker","ready","8","+49 30 42802188","+49 30 42802188 | 9999999999","info@isat-elektro.de","info@isat-elektro.de","3","2026-04-19T12:40:21.153928+00:00"
"666e994e-1c29-4a91-aa1d-271cde5fb8a0","Elektro Fischer Berlin GmbH Industrie & Schaltanlagen","Elektro Fischer Berlin GmbH Industrie & Schaltanlagen","elektrofischerberlin.de","http://www.elektrofischerberlin.de/","Berlin","DE","Elektriker","ready","8","+49 30 2005360","+49 30 2005360 | 017612005358 | 030200536191 | 030200536131 | 030200536122 | 0302005360","info@elektrofischerberlin.de","info@elektrofischerberlin.de | grossmann@elektrofischerberlin.de | wasenitz@elektrofischerberlin.de | leuthold@elektrofischerberlin.de | konstantinou@elektrofischerberlin.de","11","2026-04-19T12:40:20.116759+00:00"
"08e14627-7a8f-42ca-8790-a14b7f888819","Werner Weigt Elektro-Technik - Meister-Innungs-Betrieb seit 1977","Werner Weigt Elektro-Technik - Meister-Innungs-Betrieb seit 1977","weigt-elektro.de","http://www.weigt-elektro.de/","Berlin","DE","Elektriker","ready","8","+49 30 4314582","+49 30 4314582 | 0304314082 | 0304314582 | 01727275023","info@weigt-elektro.de","info@weigt-elektro.de","5","2026-04-19T12:40:16.129119+00:00"
"744fbb75-013a-4948-8683-af34a5d4c6f9","PICK-BELEWA GmbH","PICK-BELEWA GmbH","belewa.de","http://www.belewa.de/","Berlin","DE","Elektriker","ready","8","+49 30 5671599","+49 30 5671599 | 03056589060 | 0305671599","info@belewa.de","info@belewa.de","4","2026-04-19T12:40:14.108397+00:00"
"15c30cb6-7e77-4c0a-96ea-35db432636b6","Elektroanlagenbau Klaus Schädel GmbH","Elektroanlagenbau Klaus Schädel GmbH","elektro-schaedel.de","http://www.elektro-schaedel.de/","Berlin","DE","Elektriker","ready","8","+49 30 4454017","+49 30 4454017 | 0304447060 | 0304454017","info@elektro-schaedel.de","info@elektro-schaedel.de","4","2026-04-19T12:40:11.136876+00:00"
"6845b4e3-dd16-4503-a7e0-77fb9fcacd05","BEAG Berliner Elektro-Anlagenbau GmbH","BEAG Berliner Elektro-Anlagenbau GmbH","beag-elektro.de","https://www.beag-elektro.de/","Berlin","DE","Elektriker","ready","8","+49 30 9819513","+49 30 9819513 | +49030","info@beag-elektro.de","info@beag-elektro.de","3","2026-04-19T12:40:10.102791+00:00"
"5aac450a-e9e6-4e92-a8b4-39875ac4f977","Miebach Schaltanlagen und Montagen GmbH & Co. KG","Miebach Schaltanlagen und Montagen GmbH & Co. KG","miebach.de","https://www.miebach.de/","Berlin","DE","Elektriker","ready","8","+49 30 40537071","+49 30 40537071 | +4923184060 | +492318406188 | +492318406139 | +492318406130 | +492318406123","info.ws@miebach.de","info.ws@miebach.de | betrieb.ws@miebach.de | spareparts.ws@miebach.de | service.ws@miebach.de | sales.ws@miebach.de","11","2026-04-19T12:40:04.894123+00:00"
"148cfa6e-5f7a-4857-bba8-21e6bb921045","Wilke","Wilke","wilke-elektro-service.de","http://www.wilke-elektro-service.de/","Berlin","DE","Elektriker","ready","8","+49 30 50019144","+49 30 50019144 | 03050019144"," info@wilke-elektro-service.de"," info@wilke-elektro-service.de | info@wilke-elektro-service.de","4","2026-04-19T12:40:03.863509+00:00"
"acb27af8-1f59-41ab-a7c2-bfc8aea57b0b","NSE Schaltanlagenbau Elektro-& Gebäudeservice GmbH","NSE Schaltanlagenbau Elektro-& Gebäudeservice GmbH","nse24.de","https://nse24.de/","Berlin","DE","Elektroinstallationsdienst","ready","8","+49 30 4767034","+49 30 4767034 | 0304767034","info@nse24.de","info@nse24.de | pv@nse24.de","4","2026-04-19T12:39:58.842585+00:00"
"ff6670d6-2912-42d6-94ea-88e48540ec92","BAV Engineering Tüzün","BAV Engineering Tüzün","elektro-elektrik-berlin.de","http://elektro-elektrik-berlin.de/","Berlin","DE","Elektroinstallationsdienst","ready","8","+49 177 3228965","+49 177 3228965 | +4901773228965 | +49030513014640 | +49030513014641 | 030513014641 | 01773228965","anfrage@elektro-elektrik-berlin.de","anfrage@elektro-elektrik-berlin.de","7","2026-04-19T12:39:54.939711+00:00"
"9bc6f240-1c0a-440c-a573-da8f637417b5","EFM-Elektrofachmann GmbH","EFM-Elektrofachmann GmbH","efm-elektro.de","http://www.efm-elektro.de/","Berlin","DE","Elektriker","ready","8","+49 30 47034300","+49 30 47034300 | 03047034714 | 03047034300","info@efm-elektro.de","info@efm-elektro.de","4","2026-04-19T12:39:50.00528+00:00"
"e7ef4f9b-2435-4af9-979c-b19ae82b4a7a","Marx & Hübsch GmbH Elektroinstallationen","Marx & Hübsch GmbH Elektroinstallationen","marx-huebsch-elektro.de","https://www.marx-huebsch-elektro.de/","Berlin","DE","Elektriker","ready","8","+49 30 4727156","+49 30 4727156 | 0304727156","info@marx-huebsch-elektro.de","info@marx-huebsch-elektro.de | zaehlerantrag@marx-huebsch-elektro.de","4","2026-04-19T12:39:48.003857+00:00"
"1cbbd329-0865-4625-9c21-8484868c1a4a","BDC Energy Systems GmbH","BDC Energy Systems GmbH","bdcberlin.de","https://bdcberlin.de/","Berlin","DE","Elektriker","ready","8","+49 178 5427883","+49 178 5427883 | 01785427883 | +4901785427883 | 7137817700","info@bdcberlin.de","info@bdcberlin.de","5","2026-04-19T12:39:43.002968+00:00"
"5ca5a9f5-08e6-4422-a20a-0782e6e7390d","Xpress Bau GmbH – Meisterbetrieb – Photovoltaik – Elektrotechnik – Wärmepumpen – Ladeinfrastruktur – Energetische Sanierung","Xpress Bau GmbH – Meisterbetrieb – Photovoltaik – Elektrotechnik – Wärmepumpen – Ladeinfrastruktur – Energetische Sanierung","xpress-bau.de","https://xpress-bau.de/","Berlin","DE","Elektriker","ready","8","+49 30 62863548","+49 30 62863548","info@xpress-bau.de","info@xpress-bau.de","2","2026-04-19T12:39:42.03726+00:00"
"7503f25c-a341-4954-af9f-c0ef7a076f5e","Elektro Borst GmbH","Elektro Borst GmbH","elektro-borst.de","http://www.elektro-borst.de/","Berlin","DE","Elektriker","ready","8","+49 30 4022055","+49 30 4022055 | 0304026838 | 0304022055","info@elektro-borst.de","info@elektro-borst.de","4","2026-04-19T12:39:39.753111+00:00"
"c15e165b-3d31-4781-a924-cf6c47b58965","swp Elektrotechnik GmbH","swp Elektrotechnik GmbH","swpelektro.de","http://www.swpelektro.de/","Berlin","DE","Elektriker","ready","8","+49 30 220125930","+49 30 220125930 | 030220125930","mail@swpelektro.de","mail@swpelektro.de","3","2026-04-19T12:39:38.758787+00:00"
"5bfce4af-b15f-40d1-801e-6b9a1f7482a3","NH Meßtechnik Heinz-Peter Neuhaus GmbH","NH Meßtechnik Heinz-Peter Neuhaus GmbH","nh-messtechnik.de","http://www.nh-messtechnik.de/","Berlin","DE","Elektrotechniker","ready","8","+49 30 40533924","+49 30 40533924 | 03040533925 | 03040533924 | +493040533925","info@nh-messtechnik.de","info@nh-messtechnik.de","5","2026-04-19T12:39:36.890403+00:00"
"f8837cf0-eda6-421a-ae78-4b5c9580db5c","Meyer & Simson Elektroinstallationen GmbH","Meyer & Simson Elektroinstallationen GmbH","meyer-simson.de","https://meyer-simson.de/","Berlin","DE","","ready","8","+49 30 4458634","+49 30 4458634 | 0304458634","info@meyer-simson.de","info@meyer-simson.de","3","2026-04-19T12:39:35.915194+00:00"
"97be4c03-8d73-4db2-a572-4a6d6cf000e7","Elektromeister Andreas Behrendt","Elektromeister Andreas Behrendt","elektromeister-behrendt.de","https://www.elektromeister-behrendt.de/","Berlin","DE","Elektriker","ready","8","+49 30 50186153","+49 30 50186153 | +4903050186154 | +4903050186153 | 01778877212","info@elektromeister-behrendt.de","info@elektromeister-behrendt.de","5","2026-04-19T12:39:34.867483+00:00"
"fc9b04c7-b2c5-4f66-896f-64ce938ba04b","MM ELektro & Service GmbH","MM ELektro & Service GmbH","mm-elektroservice.de","https://www.mm-elektroservice.de/","Berlin","DE","Elektroinstallationsdienst","ready","8","+49 30 41724480","+49 30 41724480 | 03041724480 | 0302041724480 | 030204172448020","mail@mm-elektroservice.de","mail@mm-elektroservice.de","5","2026-04-19T12:39:33.886852+00:00"
"5007a1b3-3b78-4bd5-a118-56d678b2b7ae","ETB | Elektrotechnik Büter","ETB | Elektrotechnik Büter","elektrotechnik-bueter.de","https://www.elektrotechnik-bueter.de/","Berlin","DE","Elektriker","ready","8","+49 15561 474133","+49 15561 474133","info@elektrotechnik-bueter.de","info@elektrotechnik-bueter.de","2","2026-04-19T12:39:31.306357+00:00"
"30e3977e-e4a6-40c6-a2e3-91a17a385a9e","Wuest Elektroinstallation","Wuest Elektroinstallation","wuest-elektro.de","http://www.wuest-elektro.de/","Berlin","DE","Elektroinstallationsdienst","ready","8","+49 177 8118482","+49 177 8118482 | +493041406784","info@wuest-elektro.de","info@wuest-elektro.de","3","2026-04-19T12:39:28.247116+00:00"
"db1935df-1047-4c41-a817-56db655c8ce2","i4-Elektrotechnik","i4-Elektrotechnik","i4-elektro.de","https://www.i4-elektro.de/","Berlin","DE","Elektriker","ready","8","+49 163 9253985","+49 163 9253985 | +493053219917","info@i4-elektro.de","info@i4-elektro.de","3","2026-04-19T12:39:26.193728+00:00"
"f4db7bfc-6a49-4dcb-a099-df140598ec92","Elektroanlagen Bernd Brun e.K. Inhaber: Torsten Knoop","Elektroanlagen Bernd Brun e.K. Inhaber: Torsten Knoop","brun-elektrotechnik.de","https://www.brun-elektrotechnik.de/","Berlin","DE","Elektriker","ready","8","+49 30 67197434","+49 30 67197434 | 03067197434","kontakt@brun-elektrotechnik.de","kontakt@brun-elektrotechnik.de","3","2026-04-19T12:39:25.177439+00:00"
"88d5872d-4e84-4637-a38b-f112cd9a942e","EBH Elektroservice","EBH Elektroservice","ebh-elektroservice.de","http://www.ebh-elektroservice.de/","Berlin","DE","Elektriker","ready","8","+49 30 81473814","+49 30 81473814 | 081473814","info@ebh-elektroservice.de","info@ebh-elektroservice.de","3","2026-04-19T12:39:24.210215+00:00"
"31100002-e7f4-4e8d-afe7-df3840fd2aaf","BEK Elektrotechnik","BEK Elektrotechnik","bek-elektrotechnik.de","https://www.bek-elektrotechnik.de/","Berlin","DE","Elektroinstallationsdienst","ready","8","+49 30 75436581","+49 30 75436581","info@bek-elektrotechnik.de","info@bek-elektrotechnik.de | a.isik@bek-elektrotechnik.de | d.koc@bek-elektrotechnik.de | buchhaltung@bek-elektrotechnik.de | sekretariat@bek-elektrotechnik.de","6","2026-04-19T12:39:23.230325+00:00"
"43bec7e5-6fab-476d-bb0f-f96c4d30a080","Elektrotechnik Rainer Wertke","Elektrotechnik Rainer Wertke","wertke.de","https://www.wertke.de/","Berlin","DE","Elektriker","ready","8","+49 30 4942030","+49 30 4942030","4942030elektro@wertke.de","4942030elektro@wertke.de | elektro@wertke.de","3","2026-04-19T12:39:20.152584+00:00"
"8a6f8fd4-4e2c-41f3-b538-3cc80b5b31fe","Th. Lindner Elektrotechnik","Th. Lindner Elektrotechnik","th-lindner-elektrotechnik.de","http://www.th-lindner-elektrotechnik.de/","Berlin","DE","Elektrotechniker","ready","8","+49 30 47756456","+49 30 47756456 | 03047756456","info@th-lindner-elektrotechnik.de","info@th-lindner-elektrotechnik.de","3","2026-04-19T12:39:19.1415+00:00"
"e1958a35-185c-4b2f-8492-d7a74d0eba88","Saier Electric GmbH","Saier Electric GmbH","saier.de","http://www.saier.de/","Berlin","DE","Elektroinstallationsdienst","ready","8","+49 30 417274780","+49 30 417274780 | +4930417274789","info@saier.de","info@saier.de","3","2026-04-19T12:39:16.078277+00:00"
"50db3281-932a-49d0-9547-da4d5eb811d0","HF Elektrotechnik","HF Elektrotechnik","hf-elektrotechnik.de","https://www.hf-elektrotechnik.de/","Berlin","DE","Elektriker","ready","8","+49 30 20454748","+49 30 20454748 | 03020454748","info@hf-elektrotechnik.de","info@hf-elektrotechnik.de","3","2026-04-19T12:39:13.805233+00:00"
"216af448-9d02-44cb-a9a1-56abff610136","Elektro-Montagen GmbH - Fichtl & Neumann","Elektro-Montagen GmbH - Fichtl & Neumann","fichtl-neumann.de","http://www.fichtl-neumann.de/","Berlin","DE","Elektriker","ready","8","+49 30 4521097","+49 30 4521097 | +49304526015","info@fichtl-neumann.de","info@fichtl-neumann.de | www.fichtl-neumann.deinfo@fichtl-neumann.de","4","2026-04-19T12:39:11.783077+00:00"
"a542ddcc-30cc-47c9-b237-5455f4757da4","Elektro - Diekhoff GmbH","Elektro - Diekhoff GmbH","elektro-diekhoff.de","http://www.elektro-diekhoff.de/","Berlin","DE","Elektroinstallationsdienst","ready","8","+49 30 4742022","+49 30 4742022 | 0304742022","info@elektro-diekhoff.de","info@elektro-diekhoff.de","3","2026-04-19T12:39:08.675923+00:00"
"3f00abe4-47a3-49c3-8a8f-de7f842b4bbf","Voltario Elektrotechnik GmbH","Voltario Elektrotechnik GmbH","voltario-elektrotechnik.de","https://voltario-elektrotechnik.de/","Berlin","DE","Elektriker","ready","8","+49 30 91732433","+49 30 91732433","info@voltario-elektrotechnik.de","info@voltario-elektrotechnik.de","2","2026-04-19T12:39:07.642634+00:00"
"05ee724a-fb15-4dc8-ba4b-29ca76dded4b","Michael Köhler Elektroinstallation","Michael Köhler Elektroinstallation","m-k-elektro.de","http://www.m-k-elektro.de/","Berlin","DE","Elektriker","ready","8","+49 30 47481534","+49 30 47481534","info@m-k-elektro.de","info@m-k-elektro.de","2","2026-04-19T12:39:05.522372+00:00"
"56c8be2a-9750-4331-a8e4-7a44103f334b","Elektroservice Niemynarz Meisterbetrieb","Elektroservice Niemynarz Meisterbetrieb","es-niemynarz.de","https://es-niemynarz.de/","Berlin","DE","Elektroinstallationsdienst","ready","8","+49 30 98425744","+49 30 98425744 | 0617124434 | 061716600 | +4933228509070 | +493054874086","team@es-niemynarz.de","team@es-niemynarz.de","6","2026-04-19T12:39:04.38311+00:00"
"f3c318e8-fbc1-4ef6-8e9b-808859e70441","Elektro - Scholz Installationen e. Kfm.","Elektro - Scholz Installationen e. Kfm.","elektro-scholz-berlin.de","https://www.elektro-scholz-berlin.de/","Berlin","DE","Elektriker","ready","8","+49 30 3958005","+49 30 3958005 | 0303958006 | 0303958005 | 20+490303958005","es@elektro-scholz-berlin.de","es@elektro-scholz-berlin.de","5","2026-04-19T12:39:03.355633+00:00"
"67225452-19dc-4a7f-991a-85419fe35fa5","PaechElektro","PaechElektro","paechelektro.de","http://www.paechelektro.de/","Berlin","DE","Elektriker","ready","8","+49 30 99901333","+49 30 99901333 | 03099901333","info@paechelektro.de","info@paechelektro.de","3","2026-04-19T12:39:00.224989+00:00"
"f52fa0be-dc10-4056-8e4f-9a076af457ce","A. Leyrer Elektro & Sicherheit GmbH","A. Leyrer Elektro & Sicherheit GmbH","leyrer-berlin.de","https://www.leyrer-berlin.de/","Berlin","DE","Elektriker","ready","8","+49 30 36750091","+49 30 36750091 | 03036750092 | 03036750091 | 01794640316","buero@leyrer-berlin.de","buero@leyrer-berlin.de","5","2026-04-19T12:38:54.870112+00:00"
"011bedb2-b29d-4171-86a8-9f028e01f887","EF-ES-WE Elektroanlagen GmbH","EF-ES-WE Elektroanlagen GmbH","efeswe.de","https://www.efeswe.de/","Berlin","DE","Elektriker","ready","8","+49 30 6900800","+49 30 6900800 | 0306900800","kontakt@efeswe.de","kontakt@efeswe.de | info@efeswe.de","4","2026-04-19T12:38:53.854584+00:00"
"eb88a028-ef1b-4325-8fed-6cc541ec0f6d","Elektrotechnik Lindemann","Elektrotechnik Lindemann","elektrotechnik-lindemann.de","https://elektrotechnik-lindemann.de/","Berlin","DE","Elektriker","ready","8","+49 174 3636186","+49 174 3636186 | 0302590301 | 01743636186","%20lindemann@elektrotechnik-lindemann.de","%20lindemann@elektrotechnik-lindemann.de | lindemann@elektrotechnik-lindemann.de","5","2026-04-19T12:38:52.752531+00:00"
"d5bb8a9c-dc86-4943-8677-669b72e10c4c","Elektro Pele GmbH","Elektro Pele GmbH","elektro-pele.de","http://www.elektro-pele.de/","Berlin","DE","Elektriker","ready","8","+49 30 3915818","+49 30 3915818","info@elektro-pele.de","info@elektro-pele.de","2","2026-04-19T12:38:51.759966+00:00"
"1d050cfc-04b5-4cb7-8b5b-57340ec2056d","AC/DC Elektroinstallation und Elektrosteuerungen GmbH","AC/DC Elektroinstallation und Elektrosteuerungen GmbH","acdc-elektro.de","https://www.acdc-elektro.de/","Berlin","DE","Elektriker","ready","8","+49 30 55779880","+49 30 55779880 | +4903055779889 | +4903055779880","info@acdc-elektro.de","info@acdc-elektro.de","4","2026-04-19T12:38:49.654301+00:00"
"854b6017-e9c4-46d0-ba8f-45a089507f21","Elektro-Schwalbe GmbH Elektroinstallation","Elektro-Schwalbe GmbH Elektroinstallation","elektro-schwalbe.de","http://www.elektro-schwalbe.de/","Berlin","DE","Elektriker","ready","8","+49 30 4251172","+49 30 4251172 | 01717228271","info@elektro-schwalbe.de","info@elektro-schwalbe.de","3","2026-04-19T12:38:46.795239+00:00"
"3c851d66-379b-4e56-bf5b-513f579a131b","Rayan Elektro- und Steuerungstechnik GmbH","Rayan Elektro- und Steuerungstechnik GmbH","rayan-e.com","http://rayan-e.com/?utm_source=gmb&utm_medium=referral","Berlin","DE","Elektriker","ready","8","+49 172 6986169","+49 172 6986169","farid@rayan-e.com","farid@rayan-e.com","2","2026-04-19T12:38:42.939485+00:00"
"b50601e7-110c-4fec-a11a-d173b1e2e354","Oktay Elektrotechnik Gmbh","Oktay Elektrotechnik Gmbh","oktay-elektrotechnik.de","http://oktay-elektrotechnik.de/","Berlin","DE","Elektriker","ready","8","+49 30 30348553","+49 30 30348553","info@oktay-elektrotechnik.de","info@oktay-elektrotechnik.de","2","2026-04-19T12:38:41.983531+00:00"
"54cfbdff-a212-4c8f-898c-467a45430cbd","Elektroprojekte Noenen & Kasten GmbH","Elektroprojekte Noenen & Kasten GmbH","elektroprojekte.de","https://www.elektroprojekte.de/","Berlin","DE","Elektriker","ready","8","+49 30 7869494","+49 30 7869494 | 0100600","info@elektroprojekte.de","info@elektroprojekte.de","3","2026-04-19T12:38:40.984061+00:00"
"49980ae9-d44a-47d1-a00a-258f69e58190","Elektriker Friedrichshain","Elektriker Friedrichshain","elektriker-friedrichshain.de","http://elektriker-friedrichshain.de/","Berlin","DE","Elektriker","ready","8","+49 30 46606600","+49 30 46606600 | 03046606600","info@elektriker-friedrichshain.de","info@elektriker-friedrichshain.de","3","2026-04-19T12:38:39.94934+00:00"
"8f6ea4a8-edce-43e9-b764-dcf98f50f6f4","Christian Warti - HELIOS Elektro-Meisterbetrieb","Christian Warti - HELIOS Elektro-Meisterbetrieb","helios-elektro.de","http://helios-elektro.de/","Berlin","DE","Elektriker","ready","8","+491625847247","+491625847247 | 01625847247","info@helios-elektro.de","info@helios-elektro.de","3","2026-04-19T12:38:39.242863+00:00"
"68a0ad75-0559-4151-a317-73b3b5fe0420","Elektriker Schöneberg","Elektriker Schöneberg","elektriker-schoeneberg.de","https://elektriker-schoeneberg.de/","Berlin","DE","Elektriker","ready","8","+49 30 233238784","+49 30 233238784 | 030233238784","info@elektriker-schoeneberg.de","info@elektriker-schoeneberg.de","3","2026-04-19T12:38:38.268403+00:00"
"5742a643-79c9-4e51-aa7a-a77d7d3ca1cf","Machnik elektro systeme","Machnik elektro systeme","machnik-elektro.de","http://www.machnik-elektro.de/","Berlin","DE","Elektriker","ready","8","+49 172 5441648","+49 172 5441648","mail@machnik-elektro.de","mail@machnik-elektro.de | anmail@machnik-elektro.de |  mail@machnik-elektro.de","4","2026-04-19T12:38:36.250527+00:00"
"00c8288c-ea07-4b28-b3e9-3f9fc48e2a6d","InoteQ Elektro GmbH","InoteQ Elektro GmbH","inoteq-elektro.de","http://www.inoteq-elektro.de/","Berlin","DE","Elektriker","ready","8","+49 30 82309323","+49 30 82309323 | +493082309324 | 03082309324 | 03082309323 | +49308230932320","mail@inoteq-elektro.de","mail@inoteq-elektro.de","6","2026-04-19T12:38:34.068381+00:00"
"01d3bf01-0795-45e0-8c46-1deae66079b5","AD Elektrotechnik & Service | Meisterbetrieb Alexander Dubs","AD Elektrotechnik & Service | Meisterbetrieb Alexander Dubs","elektrotechnik-ad.de","https://elektrotechnik-ad.de/","Berlin","DE","Elektriker","ready","8","+49 179 7807820","+49 179 7807820 | +493089655657","info@elektrotechnik-ad.de","info@elektrotechnik-ad.de","3","2026-04-19T12:38:31.952902+00:00"
"ee9ece79-66b0-4a86-ae61-12f052cbb4e0","Elektrotechnik F. Schulze GmbH","Elektrotechnik F. Schulze GmbH","elektro-schulze.com","http://www.elektro-schulze.com/","Berlin","DE","Elektriker","ready","8","+49 30 3949761","+49 30 3949761 | 0303941687 | 0303949761","info@elektro-schulze.com","info@elektro-schulze.com","4","2026-04-19T12:38:30.956471+00:00"
"63983725-1b0d-4e1a-ae58-a3c06592554c","Elektro Kohl Berlin GmbH","Elektro Kohl Berlin GmbH","elektro-kohl.berlin","http://www.elektro-kohl.berlin/","Berlin","DE","Elektriker","ready","8","+49 30 549074890","+49 30 549074890 | 030549074899 | 030549074890","info@elektro-kohl.berlin","info@elektro-kohl.berlin | |info@elektro-kohl.berlin","5","2026-04-19T12:38:27.891683+00:00"
"8d1266dd-33f4-41f9-a2a6-3fcd3016d7fe","Elektriker Berlin - Pinguin","Elektriker Berlin - Pinguin","elektro-elektroinstallation.de","http://www.elektro-elektroinstallation.de/","Berlin","DE","Elektriker","ready","8","+49 30 55278405","+49 30 55278405 | 01747947145 | 03055278405","post@elektro-elektroinstallation.de","post@elektro-elektroinstallation.de","4","2026-04-19T12:38:23.715226+00:00"
"139ada5e-ad03-4df7-be59-8681d1420e57","Elektro Eichler GmbH","Elektro Eichler GmbH","elektro-eichler.de","https://www.elektro-eichler.de/","Berlin","DE","Elektriker","ready","8","+49 30 4291612","+49 30 4291612 | 03065487562 | 0304291612 | 01713563531","info@elektro-eichler.de","info@elektro-eichler.de | auftrag@elektro-eichler.de | bewerbung@elektro-eichler.de","7","2026-04-19T12:38:22.706528+00:00"
"a0ba425d-8bf7-45d5-9525-7c7d187602e7","Elektro Soro - Meisterbetrieb","Elektro Soro - Meisterbetrieb","elektrosoro.de","https://elektrosoro.de/","Berlin","DE","Elektroinstallationsdienst","ready","8","+49 1516 8404101","+49 1516 8404101","info@elektrosoro.de","info@elektrosoro.de","2","2026-04-19T12:38:21.690649+00:00"
"f72ae207-0e8d-4f74-bf7a-166a052c7718","Sünkel elektro GmbH","Sünkel elektro GmbH","elektriker-berlin.de","http://www.elektriker-berlin.de/","Berlin","DE","Elektriker","ready","8","+49 30 92795454","+49 30 92795454 | 03092795454","info@elektriker-berlin.de","info@elektriker-berlin.de","3","2026-04-19T12:38:20.679225+00:00"
"fab1d115-8af0-44b9-8905-33d42d96c657","Elektrobiene GmbH","Elektrobiene GmbH","elektro-biene.de","http://elektro-biene.de/","Berlin","DE","Elektroinstallationsdienst","ready","8","+49 15560 056556","+49 15560 056556 | +49015560056556","summ@elektro-biene.de","summ@elektro-biene.de","3","2026-04-19T12:38:18.607501+00:00"
"477eb2c2-430f-4ca3-8bfc-f03679a476c3","Buzz Elektrotechnik GmbH","Buzz Elektrotechnik GmbH","buzz-elektro.de","http://buzz-elektro.de/","Berlin","DE","Elektriker","ready","8","+49 162 1534521","+49 162 1534521 | +4903055149452 | 493055149452 | +493055149452","info@buzz-elektro.de","info@buzz-elektro.de","5","2026-04-19T12:38:15.501062+00:00"
"61b39259-c5c5-4ebe-aa30-f384dd85c834","J. Gurk Elektrobau GmbH","J. Gurk Elektrobau GmbH","gurk-elektrobau.de","http://www.gurk-elektrobau.de/","Berlin","DE","Elektriker","ready","8","+49 30 6242058","+49 30 6242058 | 0306248025 | 0306242058","info@gurk-elektrobau.de","info@gurk-elektrobau.de","4","2026-04-19T12:38:14.481629+00:00"
"a2d43a49-e7a5-4a34-add4-c543d5bc34da","MEMO ElektroMeisterBetrieb GmbH","MEMO ElektroMeisterBetrieb GmbH","memo-elektro.de","https://www.memo-elektro.de/","Berlin","DE","Elektrotechniker","ready","8","+49 30 60607627","+49 30 60607627 | 0212027 | +4917670116115","info@memo-elektro.de","info@memo-elektro.de","4","2026-04-19T12:07:05.769494+00:00"
"73fee23b-77ad-4697-b930-0d84241a0872","SRE Elektro GmbH","SRE Elektro GmbH","sre-elektro.de","https://www.sre-elektro.de/","Berlin","DE","Elektriker","ready","7","01738628618","01738628618","info@sre-elektro.de","info@sre-elektro.de","2","2026-04-19T12:07:05.039539+00:00"
"149af8dc-0218-4328-800f-579aebc3bee2","Reta Elektrotechnik GmbH","Reta Elektrotechnik GmbH","reta-elektrotechnik.de","http://www.reta-elektrotechnik.de/","Berlin","DE","Elektroinstallationsdienst","ready","8","+49 176 43243432","+49 176 43243432","info@reta-elektrotechnik.de","info@reta-elektrotechnik.de","2","2026-04-19T12:07:03.728955+00:00"
"a5dcd408-de50-43e7-b9c2-41192c20dd93","Elektro Reibsch Andreas König","Elektro Reibsch Andreas König","elektro-reibsch.de","https://www.elektro-reibsch.de/","Berlin","DE","Elektriker","ready","8","+49 30 2914332","+49 30 2914332","info@elektro-reibsch.de","info@elektro-reibsch.de","2","2026-04-19T12:07:02.651756+00:00"
"b336102c-31c0-4b6e-a52f-1f88eb39cac3","Elektro Voltage","Elektro Voltage","elektrovoltage.de","https://elektrovoltage.de/","Berlin","DE","Elektriker","ready","8","+49 1573 4974799","+49 1573 4974799 | +493083754507 | 0302083754507 | +49201573204974799 | 200302083754507","info@elektrovoltage.de","info@elektrovoltage.de","6","2026-04-19T12:07:01.599736+00:00"
"b9d61a64-4e04-4fb8-aea1-e10195c553f7","Elektriker Berlin Mitte","Elektriker Berlin Mitte","elektriker-berlin-mitte.de","https://elektriker-berlin-mitte.de/","Berlin","DE","Elektriker","ready","8","+49 30 235901209","+49 30 235901209 | 030235901209","info@elektriker-berlin-mitte.de","info@elektriker-berlin-mitte.de","3","2026-04-19T12:07:00.583586+00:00"
"4252a1ad-3380-4887-85fc-395358ccecf7","EVO Elektriker","EVO Elektriker","evo-elektriker.de","https://evo-elektriker.de/","Berlin","DE","Elektroinstallationsdienst","ready","8","+49 176 64103683","+49 176 64103683 | +4903093499990 | 017664103683 | 03093499990 | +493093499990","anfrage@evo-elektriker.de","anfrage@evo-elektriker.de","6","2026-04-19T12:06:58.441682+00:00"
"76ad5419-1068-4875-a784-a5ada6403536","Muller Elektrotechnik GmbH","Muller Elektrotechnik GmbH","muller-elektro.de","https://muller-elektro.de","Berlin","DE","Elektroinstallation","ready","8","+49 30 123456","+49 30 123456","info@muller-elektro.de","info@muller-elektro.de | office@muller-elektro.de","3","2026-04-03T13:38:37.888076+00:00"